Sample,Re_intercept
fake_eis_1 copy.txt,0.1105265367736041
fake_eis_1 copy 2.txt,0.1105265367736041
fake_eis_1.txt,0.1105265367736041
